angle,energy_objective,penalized_score,stress_constraint,x1,x2,x3,y1,y2,y3
10.0,13145.94020622275,-13145.94020622275,231.2245,10.25274594795401,10.0,1.0094289376984626,11.805115722865448,13.324774477736627,14.66463143254611
10.0,13141.832262249049,-13141.832262249049,233.19325,10.0,10.0,1.577831215119492,12.156129501866625,14.192387417614295,15.0
10.0,13127.212584910585,-13127.212584910585,233.97025,10.572084117186275,10.112920326220845,1.0,11.584810915129639,13.616278015631515,13.22714526254997
10.0,13120.667304885304,-13120.667304885304,235.14775,10.77174910748924,10.0,1.8016839132344131,11.83710294713679,14.667428609110694,15.0
10.0,13116.192435529536,-13116.192435529536,237.44125,10.0,10.001083537756434,2.3331744869386943,12.273744145660528,13.053694525620422,15.0
10.0,13112.615814086921,-13112.615814086921,235.66225,10.0,11.468635004353505,1.6302162452360895,11.890505189298159,14.042400979599241,12.748054855616681
10.0,13074.00272882712,-13074.00272882712,238.36375,10.0,10.0,2.4335041539440203,12.835324541252707,12.919225502913818,13.403510241683094
11.37692650802397,13040.056592853394,-13040.056592853394,239.01025,10.0,10.0,2.8376331933244865,12.991690839402859,12.275844128951443,15.0
10.0,13030.208820613589,-13030.208820613589,226.65925,10.0,11.423824258628272,1.6250950152798418,15.0,12.86290549567254,15.0
16.907750959689285,12908.860440164595,-12908.860440164595,244.177,10.0,10.0,3.0582202465848316,12.611747849317169,11.880118627159359,14.565489379048557
angle,energy_objective,penalized_score,stress_constraint,x1,x2,x3,y1,y2,y3
10.0,13153.707621157453,-13153.707621157453,232.03750000000002,11.023644396445865,10.113587647621364,1.0,12.240794026162245,14.344516492500485,15.0
10.0,13145.326941825875,-13145.326941825875,229.15225,10.467641018088159,10.0,1.0,13.183959358657745,14.482442033790452,14.948563362764222
10.0,13145.183304379489,-13145.183304379489,232.477,10.0,10.563707120596082,1.0,11.805921712593152,13.649326047271797,14.53756607555901
10.0,13144.598086374184,-13144.598086374184,231.45475000000002,10.832736649174231,10.31319851427728,1.0,11.701066877611893,13.728353139881253,15.0
10.0,13139.947321162703,-13139.947321162703,231.2275,10.02373504151989,10.406953439389378,1.3342367844952099,12.803554867577395,15.0,14.652440562461654
10.0,13137.027972382682,-13137.027972382682,231.98425,10.0,11.414522849150742,1.658845103025012,12.764669823329454,15.0,14.385460699742376
10.28967069245051,13118.43650584972,-13118.43650584972,231.9805,11.100715132679213,11.939626267247816,1.0,11.704524576589177,14.415449542184463,13.610931953045792
10.973751123276381,13115.101993976788,-13115.101993976788,232.07875,10.40615045787476,10.324444510457933,1.718258374797361,13.114125187288915,14.937232086898513,14.02991054173569
10.0,13114.24646365233,-13114.24646365233,235.72,10.0,11.39595149581949,1.9411016982801557,11.985135850590346,15.0,13.722274528071582
10.0,13114.195932514867,-13114.195932514867,237.7885,10.0,10.0,2.3185522385491018,12.773513931561052,15.0,13.786647497260581
10.0,13102.690168430794,-13102.690168430794,239.326,10.384192072616765,10.099908522547592,1.5613198612572212,10.546682833331952,13.18351775541049,13.659981796633778
11.600162161840935,13073.675268516563,-13073.675268516563,224.3515,10.344484152257102,10.0,1.0,15.0,14.8992489598101,15.0
10.0,13061.17708980874,-13061.17708980874,240.442,10.72064601734962,10.0,2.030313318722884,11.184870331023056,13.907852893310679,12.849050982062845
13.964408891284052,13059.925786386328,-13059.925786386328,227.22625,10.0,10.886566179426037,1.580461841096314,12.811003067115836,13.977565409077226,14.171748871461572
14.196579781524989,13056.89221060897,-13056.89221060897,236.53825,10.0,11.329799478450337,1.0,11.865908697896764,15.0,15.0
14.558433858465968,13041.455859751657,-13041.455859751657,238.09,10.0,10.108051778519188,1.0,13.196017032189273,15.0,15.0
14.764103562471963,13033.902823097227,-13033.902823097227,237.97975,10.077817671367903,10.0,2.0118182666775426,10.550575199197732,13.761677420794365,15.0
15.456494685325065,13010.160299586514,-13010.160299586514,228.72400000000002,10.0,10.440193278394288,1.1650183865480286,12.915398445922245,13.159251572786214,13.847040494247704
17.71592092723542,12965.866902914318,-12965.866902914318,256.1245,10.502804812031258,10.0,2.148921875196324,12.717420192466099,14.14326213936585,15.0
18.7929724688724,12952.546950702632,-12952.546950702632,254.758,10.0,10.0,1.4194130986278575,12.051716979276964,15.0,14.544956216530888
angle,energy_objective,penalized_score,stress_constraint,x1,x2,x3,y1,y2,y3
10.0,13137.10279792978,-13137.10279792978,232.8085,11.792832361621132,10.0,1.0,12.014967306611428,14.446855405637573,15.0
10.0,13125.940632765472,-13125.940632765472,238.03,10.0,10.396018378737246,1.0,10.0,12.523876849069962,13.72262793675546
10.0,13101.123363220966,-13101.123363220966,234.637,10.0,10.0,1.953619488593826,10.0,10.886798328663462,14.928501362114321
14.249966676094862,13023.660810911944,-13023.660810911944,236.269,10.0,12.037726209954723,1.0,10.0,11.967771113633344,15.0
10.0,12892.00515166622,-12892.00515166622,248.32225,15.0,10.0,1.0,10.0,15.0,13.144776709848708
13.062931681985766,12864.919650953436,-12864.919650953436,235.70274999999998,14.600714146798508,11.39683874883098,1.8305265887147162,11.047176929559704,10.742622127709732,13.651023358184176
20.17285817998852,12812.54352015804,-12812.54352015804,260.42275,10.0,14.676087389392125,5.0,12.920994462040568,15.0,14.6350428758508
20.71292511727226,12701.604389125929,-12701.604389125929,272.51575,11.89859120719529,13.388795042122705,1.0,10.0,10.445312065539673,15.0
25.206369347160166,12494.3541383539,-12494.3541383539,274.30825000000004,11.345427499225043,10.0,2.9184453242152655,12.696344289012345,10.550959596856625,12.571284148596876
30.0,12187.114479180304,27310266.088645827,391.88125,10.369496044376499,10.0,1.0,11.117170845954142,10.0,15.0
angle,energy_objective,penalized_score,stress_constraint,x1,x2,x3,y1,y2,y3
10.0,13146.56233777357,-13146.56233777357,230.56375,10.0,10.0,1.1362594145580223,13.08186176806075,15.0,15.0
10.0,13128.730199655985,-13128.730199655985,227.2,10.0,10.0,1.0,14.221977735457097,15.0,15.0
10.0,13117.667456798586,-13117.667456798586,241.17475000000002,10.34648119498403,10.0,1.0,10.0,13.663526133724202,14.793476057565638
10.0,13104.258979667433,-13104.258979667433,233.23525,11.021275856183044,10.0,1.757705792011854,15.0,15.0,15.0
10.0,13083.894719189668,-13083.894719189668,230.95525,10.0,15.0,1.6694560735224904,12.080788220680681,13.33144083465407,15.0
10.0,13039.94003080196,-13039.94003080196,235.03300000000002,11.42450576617735,10.0,1.0,15.0,14.49346535399688,10.0
10.838661417493652,13029.47008719912,-13029.47008719912,229.468,15.0,11.020511144358624,1.7543937350662202,13.8778768314807,15.0,15.0
12.081242211719076,13015.117254189146,-13015.117254189146,229.0,10.0,13.416315288121355,1.0,11.684595001623855,12.044931247419283,12.470732494950338
10.0,13011.542884166875,-13011.542884166875,236.8015,13.979564921767054,10.0,2.074635573476577,12.900956082217109,14.077792874101988,14.249482106263036
10.0,13008.7188347384,-13008.7188347384,231.6835,10.0,14.857765995491555,3.392799425217225,15.0,13.743311384833984,13.662007663232263
10.0,13008.040723842558,-13008.040723842558,242.29075,10.0,11.932638290549876,3.2750846553783024,12.200025407590452,10.661437725983244,15.0
15.939404006725695,13003.195232308453,-13003.195232308453,236.34025,10.0,11.84204465048999,2.307182182002217,12.735582485361753,14.358485557702506,14.404986813014924
10.70029632230188,12995.495760556027,-12995.495760556027,240.04525,13.268383072513098,11.548883663246036,1.9097444177738505,10.0,15.0,15.0
10.0,12994.715243658067,-12994.715243658067,249.427,10.0,14.521379917043582,1.0,10.237666161518483,15.0,10.0
14.498872035962513,12927.825150775338,-12927.825150775338,238.02775,10.0,10.0,2.892577307304701,13.811635011932411,12.202782147664069,15.0
15.853360782738417,12905.803068921321,-12905.803068921321,241.76125,10.45250083613472,15.0,4.307664627555591,15.0,15.0,15.0
16.747048258387608,12898.48389001329,-12898.48389001329,249.58599999999998,11.508316250848075,12.311935564208481,1.0,10.838094968054003,10.937856869785676,15.0
10.0,12891.454902374302,-12891.454902374302,241.63825,15.0,12.857073621881197,1.0,14.829216818984735,15.0,10.0
20.353998689286016,12876.62610937001,-12876.62610937001,252.08125,11.886596680475384,10.0,1.0,10.0,12.154850627691394,13.950984465826982
10.0,12876.405146384774,-12876.405146384774,245.39950000000002,12.697085004869566,10.0,3.6994449761182118,10.0,15.0,15.0
10.0,12828.398797280384,-12828.398797280384,246.793,12.79825710942971,10.0,3.856233141624145,10.29153008374345,10.736679899982674,13.980552373140684
13.802654360694325,12815.760599708616,-12815.760599708616,251.527,10.0,10.0,4.387393367115217,10.0,15.0,11.289050376888902
10.0,12789.669419552716,-12789.669419552716,255.92575,10.0,10.0,3.8332262067563123,10.0,10.0,10.0
10.932586139258369,12774.866011307677,-12774.866011307677,250.21675,15.0,15.0,1.0,10.413290177675592,13.912522945847346,11.555855404809462
13.143561312516228,12699.155260073667,-12699.155260073667,253.58499999999998,15.0,13.473905056668213,1.0,10.0,15.0,10.0
10.0,12686.413575022552,-12686.413575022552,267.75175,10.0,10.0,4.893028314397329,10.0,13.967703000062317,10.0
22.738325610840043,12462.100507691594,-12462.100507691594,269.49850000000004,15.0,13.629539947319488,1.0,10.301883767650981,12.65357102487576,10.0
28.936223750138304,12584.640980013646,897779.8090199895,296.33500000000004,13.48783963891158,10.680406382357447,1.0,12.705372745660735,15.0,13.851958116820406
24.249116926411688,12584.830736342748,1780282.2497636555,304.9405,10.0,10.0,1.0,15.0,15.0,15.0
29.833484618047706,12481.958003862826,2367880.043996141,309.499,13.665157325940887,10.0,1.0810827652011112,15.0,15.0,13.979869076488228






angle,energy_objective,penalized_score,stress_constraint,x1,x2,x3,y1,y2,y3
10.0,13148.796947180168,-13148.796947180168,232.8955,10.0,11.324852011908993,1.0,11.540815139493665,14.035191278214636,15.0
10.0,13145.056090102738,-13145.056090102738,233.03425000000001,10.0,10.0,1.0,12.065157303949013,14.867838225701146,14.58681595455223
10.0,13144.560110682152,-13144.560110682152,233.6605,10.0,10.0,1.0,11.963127604123498,15.0,15.0
10.0,13135.413527303974,-13135.413527303974,235.6345,10.0,10.0,1.0,11.812392180564892,15.0,13.564452736647166
11.390824121179397,13125.152346709625,-13125.152346709625,228.8545,10.175237306898786,10.0,1.0,12.043125360896113,13.43738657809452,14.977859123640979
10.0,13123.76725304534,-13123.76725304534,236.91325,10.949121028891383,10.54616749110147,1.0,10.529744489015721,14.306369699961373,14.514236510508965
10.0,13121.747375731686,-13121.747375731686,237.877,10.075230560378344,11.101116942669853,1.2688700412692064,11.327367096240154,15.0,13.451921035964835
10.0,13121.317331987018,-13121.317331987018,235.93825,10.389947214321042,10.703381001751195,1.2320927517381355,11.54685423383468,14.270535446575918,13.170314121047163
10.0,13118.949144376062,-13118.949144376062,235.35775,10.0,10.449234218105198,1.3732527986438123,12.360890721134657,14.622359434282053,12.151128459022576
10.0,13117.900320675082,-13117.900320675082,237.53574999999998,10.954778497064769,10.0,1.044691580786184,10.901121892358425,15.0,14.732925283073921
10.0,13109.554980132087,-13109.554980132087,236.71675000000002,10.0,10.0,1.960787376562016,11.511390853171115,13.889931435712247,13.844028922111313
10.0,13106.36624101553,-13106.36624101553,237.94225,10.723791827263804,11.232727262852011,1.4540178048612775,10.354634878566012,13.21920181488678,14.074935857847715
10.0,13105.977318496934,-13105.977318496934,229.59475,10.0,13.054962305391804,1.0,12.8729693689239,13.681804614401313,14.253739129819753
11.719468550020148,13097.701754726655,-13097.701754726655,228.35575,10.91500962563356,12.200483394345616,1.0,12.586949832660952,14.130136001300423,15.0
11.513584402928522,13088.237361506803,-13088.237361506803,234.72175000000001,10.0,10.46956257408737,2.0233184703315064,10.29358393467938,12.507653850904713,15.0
14.654383775722822,13079.335040994498,-13079.335040994498,227.386,10.0,10.0,1.256532465731106,12.55433765315592,15.0,13.312666775934463
10.0,13073.59948238542,-13073.59948238542,239.81125,10.583253380054243,13.043027634134955,1.0,10.0,13.415232079645955,12.787065982949589
13.811135650727625,13072.325655230552,-13072.325655230552,233.2105,10.374063421349241,10.673900666869116,1.0,11.899247905070489,14.315000096355131,15.0
10.0,12969.297081346316,-12969.297081346316,244.8835,10.823708181485602,10.0,3.3439087006724155,10.229404172121985,13.841212081337872,13.777075306980782
10.0,12951.629869787832,-12951.629869787832,242.851,12.407906221151372,11.65926356300468,2.749197259484286,10.000390804308296,15.0,14.364162349226362
